[{"desc": "<span class=\"st\"><b>Jaguar</b> has always believed that a car is the closest thing you can create to <br>\nsomething that is alive. Explore our range of luxury models, XF, XJ, XK and the <br>\nnew\u00a0...</span>", "link": "http://www.jaguar.in/", "title": " India | How alive are you?"},
{"desc": "<span class=\"st\">Discover <b>Jaguar's</b> innovation and technology for the future. FIND OUT MORE. <br>\nDNA. Technology, performance and design, the triple helix that makes <b>Jaguars</b>\u00a0...</span>", "link": "http://www.jaguar.in/jaguar-range", "title": "All Models | "},
{"desc": "<span class=\"st\"><b>Jaguar</b> has always had a passion for creativity, innovation and dynamic design; <br>\nqualities we feel are perfectly expressed in XE. With the introduction of this\u00a0...</span>", "link": "http://www.jaguar.in/jaguar-range/xe/experience-xe/index.html", "title": " India"},
{"desc": "<span class=\"st\">WHAT IS F-TYPE? Powerful, agile and distinctive, F-TYPE is a true <b>Jaguar</b> sports <br>\ncar, engineered for high performance and instantaneously responsive\u00a0...</span>", "link": "http://www.jaguar.in/jaguar-range/f-type", "title": "Experience the new "},
{"desc": "<span class=\"st\">The 2.2 litre diesel engine features a range of technologies designed to enhance <br>\nperformance. The 8-speed automatic transmission with <b>Jaguar</b> Sequential\u00a0...</span>", "link": "http://www.jaguar.in/jaguar-range/xf/xf-models/xf-executive-edition.html", "title": " XE | The Sports Saloon Redefined"},
{"desc": "<span class=\"st\"><b>Jaguar</b> XJ redefines what a luxury car should be. It's a dramatic combination of <br>\nbeauty, luxury and power.</span>", "link": "http://www.jaguar.in/jaguar-range/xj", "title": " F-TYPE | Overview"},
{"desc": "<span class=\"st\">XJ's airy, spacious, yet private cabin area is created by the panoramic, heat-<br>\nreflective, tinted glass roof. It extends to the full width of the car and sweeps as far<br>\n\u00a0...</span>", "link": "http://www.jaguar.in/jaguar-range/xj/features-options/index.html", "title": "XF EXECUTIVE EDITION - "},
{"desc": "<span class=\"st\"><b>Jaguar</b> XF. Award-winning design, refined engineering and effortless <br>\nperformance without compromise, starting from \u00a329940.</span>", "link": "http://www.jaguar.in/jaguar-range/xf/xf-models/index.html", "title": " XJ Luxury Car"},
{"desc": "<span class=\"st\">45.72 cm (18) Meru alloy wheels; Soft grain leather seats (20/20 way) with <br>\nelectric driver's and passenger's adjustment and drivers 3 position memory; <br>\n<b>Jaguar</b>\u00a0...</span>", "link": "http://www.jaguar.in/jaguar-range/xj/xj-models/index.html", "title": " XJ | Exterior Features & Options"},
{"desc": "<span class=\"st\">XJ PRICING. Seductive, intuitive and exhilarating \u2013 XJ is the epitome of comfort <br>\nand style, making it much more than a luxury saloon. Projecting a quiet authority,<br>\n\u00a0...</span>", "link": "http://www.jaguar.in/jaguar-range/xj/xj-pricing/index.html", "title": " XF Luxury Sports Saloon | Model Range"},
{"desc": "<span class=\"st\">There are various options available through <b>Jaguar</b> Finance, including: <b>Jaguar</b> <br>\nHand-Shake (LOW EMI). Allows a tenure of 84 months and thus distributes the\u00a0...</span>", "link": "http://www.jaguar.in/financing/finance-options.html", "title": " XJ Luxury Car | Model Range"},
{"desc": "<span class=\"st\">With the <b>Jaguar</b> XJ Portfolio LWB you have complete command of everything <br>\nfrom the cabin environment to driving style - from \u00a370365.</span>", "link": "http://www.jaguar.in/jaguar-range/xj/xj-models/xj-portfolio-lwb.html", "title": " XJ | XJ Pricing"},
{"desc": "<span class=\"st\">We use concept cars to map the future of <b>Jaguar</b>. We challenge ourselves to <br>\ncombine technological advances, extraordinary design thinking.</span>", "link": "http://www.jaguar.in/about-jaguar/concept-cars", "title": " Finance Options | Financing"},
{"desc": "<span class=\"st\">Combine striking contemporary style with superb craftsmanship in the <b>Jaguar</b> XF <br>\nLuxury from \u00a332940.</span>", "link": "http://www.jaguar.in/jaguar-range/xf/xf-models/xf-luxury.html", "title": " XJ Portfolio LWB | Luxury Saloon"},
{"desc": "<span class=\"st\">A <b>Jaguar</b> is built to create exhilaration, sense your responses and connect you <br>\nseamlessly with the movement of the road; delivering complete reassurance and<br>\n\u00a0...</span>", "link": "http://www.jaguar.in/financing", "title": " Concept Cars | About "},
{"desc": "<span class=\"st\">Take the comfort, technology and levels of personalisation even further with XJ <br>\nPremium Luxury LWB - from \u00a363060.</span>", "link": "http://www.jaguar.in/jaguar-range/xj/xj-models/xj-premium-luxury-lwb.html", "title": " XF Luxury | Sports Saloon Model"},
{"desc": "<span class=\"st\">Discover a range of innovative and intuitive on-road technologies connecting you <br>\nto the road ahead in the <b>Jaguar</b> XF.</span>", "link": "http://www.jaguar.in/jaguar-range/xf/features-options/driving-dynamics.html", "title": " Financing | "},
{"desc": "<span class=\"st\"><b>Jaguar</b> has always believed that a car is the closest thing you can create to <br>\nsomething that is alive. Find out more about our award-winning approach to\u00a0...</span>", "link": "http://www.jaguar.in/about-jaguar", "title": " India"},
{"desc": "<span class=\"st\">Enjoy exterior design that reflects powerful performance, with a range of dynamic <br>\nand innovative features in the <b>Jaguar</b> XF.</span>", "link": "http://www.jaguar.in/jaguar-range/xf/features-options/interior.html", "title": " XJ Premium Luxury LWB | Saloon Model"},
{"desc": "<span class=\"st\">Created to celebrate 75 years of <b>Jaguar</b>, Project C-X75 is the ultimate expression <br>\nof the brand's design and engineering innovation.</span>", "link": "http://www.jaguar.in/about-jaguar/concept-cars/cx75.html", "title": " XF | Driving Dynamics | Features & Options"},
{"desc": "<span class=\"st\">... Price (INR). <b>Jaguar</b> XJ 2.0L Petrol Portfolio, 9,597,103. <b>Jaguar</b> XJ 3.0L Diesel <br>\nPortfolio, 10,230,206. <b>Jaguar</b> XJ 3.0L Diesel Premium Luxury, 9,480,838\u00a0...</span>", "link": "http://www.jaguar.in/jaguar-range/xj/xj-pricing/delhi.html", "title": "About "},
{"desc": "<span class=\"st\">The <b>Jaguar</b> XJ's striking profile and distinctive styling is supported by a host of <br>\nfeatures for your comfort and safety.</span>", "link": "http://www.jaguar.in/jaguar-range/xj/features-options/interior.html", "title": " | "},
{"desc": "<span class=\"st\">Enjoy the sporting feel of this leather topped gear selector with premium dark <br>\nleather finished top and rubber bezel with soft touch grip on your <b>Jaguar</b> XF.</span>", "link": "http://www.jaguar.in/jaguar-range/xf/accessories", "title": " India"},
{"desc": "<span class=\"st\">Official worldwide web site of <b>Jaguar</b> Cars. Directs users to pages tailored to <br>\ncountry-specific markets and model-specific websites.</span>", "link": "http://en.wikipedia.org/wiki/Jaguar_Cars", "title": "Delhi - "},
{"desc": "<span class=\"st\">CarWale\u00ae - <b>Jaguar</b> cars in India. Know everything you want to know about <br>\n<b>Jaguar</b> car models. CarWale offers <b>Jaguar</b> history, reviews, photos and news etc.</span>", "link": "http://www.jaguar.com/", "title": " XJ | XJ Pricing"},
{"desc": "<span class=\"st\">All <b>Jaguar</b> cars Prices includes all variants with on road and ex-showroom price <br>\nin India. Choose your <b>Jaguar</b> cars to view prices, reviews and photos at\u00a0...</span>", "link": "http://www.carwale.com/jaguar-cars/", "title": " XJ | Interior Features & Options"},
{"desc": "<span class=\"st\"><b>Jaguar</b> XF. Performance that is truly effortless. The multi award-winning XF's <br>\ninnovative design and refined engineering deliver performance without\u00a0...</span>", "link": "http://www.zigwheels.com/newcars/Jaguar", "title": " XF Accessories | Style"},
{"desc": "<span class=\"st\"><b>Jaguar</b> India. 2240767 likes \u00b7 46751 talking about this. Welcome to the official <br>\n<b>Jaguar</b> India Facebook Page.</span>", "link": "http://www.jaguar.in/jaguar-range/xf", "title": "News for "},
{"desc": "<span class=\"st\">Welcome to the Official <b>Jaguar</b> YouTube channel. <b>Jaguar's</b> belief in beautiful <br>\ndesign drives us to build cars that are as Alive as you are. Here you can find t...</span>", "link": "https://www.facebook.com/JaguarIndia", "title": "Images for "},
{"desc": "<span class=\"st\">The <b>Jaguar</b> XJ offers music, radio, TV and film for your entertainment and phone <br>\nand navigation systems for your convenience.</span>", "link": "https://www.youtube.com/user/JaguarCarsLimited", "title": " Cars - Wikipedia, the free encyclopedia"}]