[{"desc": "<p class=\"lh-18\"><b>Jaguar</b> has always believed that a car is the closest thing you can create to something that is alive. Discover our luxury models: XF, XJ, XK , XE, F-TYPE. </p>", "link": "http://www.jaguarusa.com/", "title": ": Luxury Cars & Sports Cars | "},
{"desc": "<p class=\"lh-18\">You are about to leave <b>Jaguar</b>.com. Please note that <b>Jaguar</b> cannot be responsible for any content or validity outside of this domain. Please click on Accept to go ... </p>", "link": "http://www.jaguar.com/", "title": " USA"},
{"desc": "<p class=\"lh-18\">Find new <b>Jaguar</b> cars and 2015 2016 <b>Jaguar</b> cars at Motor Trend. Research a new <b>Jaguar</b> car, find <b>Jaguar</b> prices, read reviews, or buy a new <b>Jaguar</b> online today. </p>", "link": "http://www.jaguar.com/market-selector.html", "title": " - How Alive Are You?"},
{"desc": "<p class=\"lh-18\">Learn all you wanted to know about <b>jaguars</b> with pictures, videos, photos, facts, and news from National Geographic. </p>", "link": "http://www.motortrend.com/new_cars/01/jaguar/", "title": " International - Market selector page"},
{"desc": "<p class=\"lh-18\"><b>Jaguar</b> cars: research <b>Jaguar</b> cars, read <b>Jaguar</b> reviews, find <b>Jaguar</b> car listings and get <b>Jaguar</b> pricing &amp; dealer quotes. </p>", "link": "http://animals.nationalgeographic.com/animals/mammals/jaguar/", "title": "New "},
{"desc": "<p class=\"lh-18\">The <b>jaguar</b>, a compact and well-muscled animal, is the largest cat in the New World and the largest carnivorous mammal in Central and South America. Size ... </p>", "link": "http://www.edmunds.com/jaguar/", "title": " Cars - Find 2015 2016 "},
{"desc": "<p class=\"lh-18\"><b>Jaguar</b> Cars is a brand of <b>Jaguar</b> Land Rover, a British multinational car manufacturer headquartered in Whitley, Coventry, England, owned by the Indian company Tata ... </p>", "link": "http://en.wikipedia.org/wiki/Jaguar", "title": " Car Prices & Reviews ..."},
{"desc": "<p class=\"lh-18\">Research <b>Jaguar</b> vehicles with news, reviews, specs, photos, videos and more -- everything for <b>Jaguar</b> owners, buyers and enthusiasts. </p>", "link": "http://en.wikipedia.org/wiki/Jaguar_Cars", "title": ", "},
{"desc": "<p class=\"lh-18\">Compare <b>Jaguar</b> models: research features and specs, view photos and video, read expert and consumer reviews, find local dealers and listings, get a quote and ... </p>", "link": "http://www.autoblog.com/jaguar/", "title": " Pictures, "},
{"desc": "<p class=\"lh-18\">Find great deals on eBay for <b>jaguar</b> <b>jaguar</b> xk. Shop with confidence. </p>", "link": "http://www.cars.com/jaguar/", "title": " Facts - National Geographic"},
{"desc": "<p class=\"lh-18\">2016 <b>Jaguar</b> cars at Autotrader Get information about New 2016 <b>Jaguar</b> cars, find information on 2016 <b>Jaguar</b> cars, car prices, <b>Jaguar</b> car dealers near you, and find ... </p>", "link": "http://www.ebay.com/sch/i.html?_nkw=jaguar", "title": " Reviews - "},
{"desc": "<p class=\"lh-18\"><b>jaguar</b> is a british luxury car manufacturer and is part of the <b>jaguar</b> land rover business which is a subsidiary of the indian company tata (...) by Top Speed </p>", "link": "http://www.autotrader.com/Jaguar-cars.jsp", "title": " Cars | Edmunds.com"},
{"desc": "<p class=\"lh-18\">Learn about the size, diet, population, range, behavior and other fascinating facts about <b>jaguars</b>. </p>", "link": "http://www.topspeed.com/cars/jaguar/index48.html", "title": " - Wikipedia, the free encyclopedia"},
{"desc": "<p class=\"lh-18\"><b>Jaguar</b> Land Rover is the UK\u2019s largest automotive manufacturing business, built around two iconic British car brands: Land Rover, the world\u2019s leading manufacturer ... </p>", "link": "http://www.defenders.org/jaguar/basic-facts", "title": " Cars - Wikipedia, the free encyclopedia"},
{"desc": "<p class=\"lh-18\">Welcome to the Official <b>Jaguar</b> YouTube channel. <b>Jaguar's</b> belief in beautiful design drives us to build cars that are as Alive as you are. Here you can find t... </p>", "link": "http://www.jaguarlandrover.com/", "title": " News, Photos and Buying Information - Autoblog"},
{"desc": "<p class=\"lh-18\"><b>Jaguar</b> is a British automaker that started out in 1922 as the Swallow Sidecar Co. It was later renamed the SS <b>Jaguar</b>, then, after World War II, simply <b>Jaguar</b>. </p>", "link": "http://www.youtube.com/user/JaguarCarsLimited", "title": " - Models, MPG, Prices, Comparisons, Reviews | Cars.com"},
{"desc": "<p class=\"lh-18\">The Fender <b>Jaguar</b> guitar is the ultimate rock \u2018n\u2019 roll animal, with more switching, West Coast cool and ferocious bite designed to define the surf sound. </p>", "link": "http://www.usedcars.com/car/jaguar-25/", "title": " | eBay"},
{"desc": "<p class=\"lh-18\">Search used <b>Jaguar</b> for sale on Carsforsale.com. With millions of cars for sale, you\u2019ll find the best local deal. </p>", "link": "http://www.fender.com/guitars/jaguar/", "title": "New "},
{"desc": "<p class=\"lh-18\">skip.primary.navigation. English; Fran\u00e7ais \u00d7 Close </p>", "link": "http://www.carsforsale.com/used-cars/Jaguar", "title": " Cars - Autotrader"},
{"desc": "<p class=\"lh-18\">Motor Trend\u2019s auto classifieds helps you find a pre-owned <b>Jaguar</b> for sale in our used car classified network; search by model, color, price, bodystyle, and more to ... </p>", "link": "http://www.jaguar.ca/", "title": " Cars - Specifications, Prices, Pictures @ Top Speed"},
{"desc": "<p class=\"lh-18\">2014 <b>Jaguar</b> F-Type Convertible; <b>Jaguar</b> F-Type Coupe; 2015 <b>Jaguar</b> XE; <b>Jaguar</b> XF; <b>Jaguar</b> XF; 2013 <b>Jaguar</b> XF Sportbrake; <b>Jaguar</b> XFR; 2013 <b>Jaguar</b> XFR-S; <b>Jaguar</b> XFR-S ... </p>", "link": "http://www.motortrend.com/used_cars/01/jaguar/", "title": " | Basic Facts About "},
{"desc": "<p class=\"lh-18\"><b>Jaguar</b> does not fall behind in introducing innovations to improve the design and development of cars. Its recent models are made with new technologies and advanced ... </p>", "link": "http://www.carbuzz.com/Jaguar/", "title": " | Defenders of Wildlife"},
{"desc": "<p class=\"lh-18\"><b>Jaguar</b> is an automaker that manufactures popular British luxury cars which gained notoriety and prestige in America. In 1922, Swallow Sidecar (SS) Company was founded ... </p>", "link": "http://www.autopartswarehouse.com/jaguar~rep.html", "title": " Land Rover - Official Site"},
{"desc": "<p class=\"lh-18\">The Premier <b>Jaguar</b> Cars web resource for all enthusiasts </p>", "link": "http://www.automotive.com/jaguar/t3-13-2/", "title": " - YouTube"},
{"desc": "<p class=\"lh-18\"><b>Jaguar</b> is a luxury-car manufacturer that marries comfort, style, and speed in both sedan and sports car form. It was founded in the United Kingdom by William Lyons in ... </p>", "link": "http://jag-lovers.org/", "title": " Used Cars - Start Your Search Now!"},
{"desc": "<p class=\"lh-18\"><b>jaguar</b> (Panthera onca), also called el tigre or tigre americano, largest New World member of the cat family (Felidae), once found from the U.S.-Mexican border ... </p>", "link": "http://www.amazon.com/Jaguar/e/B004CGMRCM", "title": " | Fender Electric Guitars"},
{"desc": "<p class=\"lh-18\"><b>Jaguar</b>. 6,617,446 likes \u00b7 188,259 talking about this. <b>Jaguar</b>, as Alive as you are. </p>", "link": "http://www.britannica.com/EBchecked/topic/299362/jaguar", "title": "Used "},
{"desc": "<p class=\"lh-18\">All <b>Jaguar</b> cars Prices includes all variants with on road and ex-showroom price in India. Choose your <b>Jaguar</b> cars to view prices, reviews and photos at ZigWheels.com now. </p>", "link": "https://www.facebook.com/Jaguar", "title": " For Sale - Carsforsale.com"},
{"desc": "<p class=\"lh-18\">Select from the list of new and used <b>Jaguar</b> models. Find <b>Jaguar</b> pricing, reviews, photos, and videos. </p>", "link": "http://www.zigwheels.com/newcars/Jaguar", "title": " Canada - Select your language"}]