[{"desc": "<span class=\"st\">The official home of <b>Jaguar</b> USA. Our luxury cars feature innovative designs <br>\nalong with legendary performance to deliver one of the top sports cars in the\u00a0...</span>", "link": "http://www.jaguarusa.com/", "title": ": Luxury Cars & Sports Cars | "},
{"desc": "<span class=\"st\">Official worldwide web site of <b>Jaguar</b> Cars. Directs users to pages tailored to <br>\ncountry-specific markets and model-specific websites.</span>", "link": "http://www.jaguar.com/", "title": " USA"},
{"desc": "<span class=\"st\"><b>Jaguar</b> has always believed that a car is the closest thing you can create to <br>\nsomething that is alive. Explore our range of luxury models, XF, XJ, XK and the <br>\nnew\u00a0...</span>", "link": "http://www.jaguar.co.uk/", "title": " UK | Luxury Sports & Executive Saloon Cars"},
{"desc": "<span class=\"st\"><b>Jaguar</b> Cars is a brand of <b>Jaguar</b> Land Rover, a British multinational car <br>\nmanufacturer headquartered in Whitley, Coventry, England, owned by the Indian<br>\n\u00a0...</span>", "link": "http://en.wikipedia.org/wiki/Jaguar_Cars", "title": " Cars - Wikipedia, the free encyclopedia"},
{"desc": "<span class=\"st\"><b>Jaguar</b>. 6624229 likes \u00b7 127203 talking about this. <b>Jaguar</b>, as Alive as you are.</span>", "link": "https://www.facebook.com/Jaguar", "title": " | Facebook"},
{"desc": "<span class=\"st\">Learn all you wanted to know about <b>jaguars</b> with pictures, videos, photos, facts, <br>\nand news from National Geographic.</span>", "link": "https://twitter.com/jaguar", "title": " (@"},
{"desc": "<span class=\"st\">English | Latest corporate news, information &amp; reports from <b>Jaguar</b> Land Rover.</span>", "link": "http://animals.nationalgeographic.com/animals/mammals/jaguar/", "title": ") | Twitter"},
{"desc": "<span class=\"st\"><b>Jaguar</b> has always believed that a car is the closest thing you can create to <br>\nsomething that is alive. Explore our range of luxury models, XF, XJ and the new\u00a0...</span>", "link": "http://www.jaguarlandrover.com/", "title": ", "},
{"desc": "<span class=\"st\">Welcome to the Official <b>Jaguar</b> YouTube channel. <b>Jaguar's</b> belief in beautiful <br>\ndesign drives us to build cars that are as Alive as you are. Here you can find t...</span>", "link": "http://www.jaguar.com.hk/", "title": " Pictures, "},
{"desc": "<span class=\"st\">The <b>jaguar</b> is the largest cat in the Americas. The <b>jaguar</b> has a compact body, a <br>\nbroad head and powerful jaws. Its coat is normally yellow and tan, but the color\u00a0...</span>", "link": "https://www.youtube.com/user/JaguarCarsLimited", "title": " Facts - National Geographic"},
{"desc": "<span class=\"st\"><b>Jaguar</b> is a British luxury automaker located in Coventry, England. Founded in <br>\n1922 as a manufacturer of motorcycle sidecars, the company's subsequent car\u00a0...</span>", "link": "http://www.defenders.org/jaguar/basic-facts", "title": "English | "},
{"desc": "<span class=\"st\">Check out <b>Jaguar</b> car reviews at CARandDRIVER.com. Use our Car Buying <br>\nGuide to research <b>Jaguar</b> prices, specs, photos, videos, and more.</span>", "link": "http://www.autoblog.com/jaguar/", "title": " Land Rover Corporate Website"},
{"desc": "<span class=\"st\">CarWale\u00ae - <b>Jaguar</b> cars in India. Know everything you want to know about <br>\n<b>Jaguar</b> car models. CarWale offers <b>Jaguar</b> history, reviews, photos and news etc.</span>", "link": "http://www.caranddriver.com/jaguar", "title": " HK"},
{"desc": "<span class=\"st\">The official <b>Jaguar</b> Instagram channel. We believe that a car is the closest thing <br>\nyou can create to something that is Alive. The All-New XF:</span>", "link": "http://www.carwale.com/jaguar-cars/", "title": " - YouTube"},
{"desc": "<span class=\"st\">Jacksonville <b>Jaguars</b> launch \u201c<b>Jaguars</b> BLACK\u201d premium business program. Local <br>\nbusinesses will receive four-point strategy for success, personal entertainment\u00a0...</span>", "link": "https://instagram.com/jaguar/", "title": " | Basic Facts About "},
{"desc": "<span class=\"st\">List, Rank, System, Vendor, Total Cores, Rmax (TFlops), Rpeak (TFlops), Power (<br>\nkW). 06/2012, 6, Cray XK6, Opteron 6274 16C 2.200GHz, Cray Gemini\u00a0...</span>", "link": "http://www.jaguars.com/", "title": " | Defenders of Wildlife"},
{"desc": "<span class=\"st\">There is perhaps no better way to bring history alive than with a <b>Jaguar</b> Heritage <br>\nDriving Experience. At a private test facility in Fen End, Warwickshire, guests\u00a0...</span>", "link": "http://www.top500.org/system/176544", "title": " News, Photos and Buying Information - Autoblog"},
{"desc": "<span class=\"st\">Visit our Tacoma <b>Jaguar</b> dealership serving Seattle Fife WA - Selling new <b>Jaguar</b> <br>\nXF XJ XK F-Type models.</span>", "link": "http://jaguarheritagedriving.com/", "title": " Car Reviews - "},
{"desc": "<span class=\"st\">The HOMO of an Alq3 dimer extracted from the b-crystal structure unit is shown at <br>\nleft and the LUMO is shown at right. With <b>Jaguar</b>, charge transport parameters\u00a0...</span>", "link": "http://www.jaguaroftacoma.com/", "title": " Pricing, Photos and Specs "},
{"desc": "<span class=\"st\"><b>Jaguar</b> has always believed that a car is the closest thing you can create to <br>\nsomething that is alive. Explore our range of luxury models, XF, XJ, XK and the <br>\nnew\u00a0...</span>", "link": "http://www.schrodinger.com/Jaguar/", "title": " Cars in India - Prices, Reviews, Photos & More - CarWale"},
{"desc": "<span class=\"st\">Contains a video, fun facts, and how to tell a <b>jaguar</b> from the other big cats.</span>", "link": "http://www.jaguar.com.au/", "title": " (@"},
{"desc": "<span class=\"st\"><b>Jaguar</b> has always believed that a car is the closest thing you can create to <br>\nsomething that is alive. Explore our range of luxury models, XF, XJ, XK and the <br>\nnew\u00a0...</span>", "link": "http://animals.sandiegozoo.org/animals/jaguar", "title": ") \u2022 Instagram photos and videos"},
{"desc": "<span class=\"st\">1928 AUSTIN SEVEN SWALLOW TWO-SEATER; 1932 SSI 16 hp COUP\u00c9; 1935 <br>\nS.S.I AIRLINE SALOON; 1937 SS <b>JAGUAR</b> 2\u00bd LITRE SALOON; 1938 SS\u00a0...</span>", "link": "http://www.jaguar.in/", "title": "Jacksonville "},
{"desc": "<span class=\"st\">An ever-evolving heritage. A truly exciting future. Two of the world's most iconic <br>\nbrands. <b>Jaguar</b> Land Rover is revered across the globe. Continually pushing the<br>\n\u00a0...</span>", "link": "http://www.jaguarheritage.com/", "title": ", Official Site of the Jacksonville "},
{"desc": "<span class=\"st\">Every <b>Jaguar</b> is created to feel alive. So every innovation and technology in a <br>\n<b>Jaguar</b> is developed to create a driving experience that always feels instinctive.</span>", "link": "http://www.jaguarlandrovercareers.com/search-apply/", "title": " - Cray XK6, Opteron 6274 16C 2.200GHz, Cray Gemini "},
{"desc": "<span class=\"st\"><b>jaguar</b> is a british luxury car manufacturer and is part of the <b>jaguar</b> land rover <br>\nbusiness which is a subsidiary of the indian company tata (...) by Top Speed.</span>", "link": "http://www.jaguar.co.za/", "title": " Heritage Driving"},
{"desc": "<span class=\"st\"><b>Jaguar</b> Ceviche Spoon Bar and Latam Grill fuels Miami's flourishing Latin food <br>\nscene with fresh cuisine inspired by the flavors of Latin America. Enjoy classic\u00a0...</span>", "link": "http://www.topspeed.com/cars/jaguar/index48.html", "title": " dealer Seattle Fife Tacoma WA - "},
{"desc": "<span class=\"st\">All <b>Jaguar</b> cars Prices includes all variants with on road and ex-showroom price <br>\nin India. Choose your <b>Jaguar</b> cars to view prices, reviews and photos at\u00a0...</span>", "link": "http://jaguarhg.com/restaurants/", "title": "Schr\u00f6dinger - Product Suites - List of All Products - "},
{"desc": "<span class=\"st\">Explore the Official <b>Jaguar</b> Canada website for information on our luxury sports <br>\ncars. Build your <b>Jaguar</b>, locate a dealer, book a test drive and learn more.</span>", "link": "http://www.zigwheels.com/newcars/Jaguar", "title": "\u2122 Luxury Performance Cars. "},
{"desc": "<span class=\"st\">Learn about the <b>jaguar</b>, as well as the threats it faces, what WWF is doing to <br>\nconserve its future, and how you can help.</span>", "link": "http://www.jaguar.ca/en/", "title": "\u2122 Australia"}]